"","INSTNM","LATITUDE","LONGITUDE","ADM_RATE","AANAPII","HSI","WOMENONLY","RELAFFIL"
"199","Academy of Art University",37.7877,-122.4007,NA,FALSE,FALSE,FALSE,"NULL"
"200","ITT Technical Institute-Rancho Cordova",38.5917,-121.2815,38.45,FALSE,FALSE,FALSE,"NULL"
"201","Academy of Chinese Culture and Health Sciences",37.8067,-122.2727,NA,FALSE,FALSE,FALSE,"NULL"
"202","The Academy of Radio and TV Broadcasting",33.7289,-117.9877,NA,FALSE,FALSE,FALSE,"NULL"
"203","Avalon School of Cosmetology-Alameda",37.7642,-122.2436,NA,FALSE,FALSE,FALSE,"NULL"
"204","College of Alameda",37.7824,-122.2793,NA,FALSE,FALSE,FALSE,"NULL"
"205","Allan Hancock College",34.943,-120.4215,NA,FALSE,TRUE,FALSE,"NULL"
"206","American Academy of Dramatic Arts-Los Angeles",34.0953,-118.3441,14.79,FALSE,FALSE,FALSE,"NULL"
"207","American Baptist Seminary of the West",37.8653,-122.2561,NA,FALSE,FALSE,FALSE,"52"
"208","American Film Institute Conservatory",34.1085,-118.31,NA,FALSE,FALSE,FALSE,"NULL"
"209","American Beauty College",33.8844,-118.125,NA,FALSE,FALSE,FALSE,"NULL"
"210","American Career College-Los Angeles",34.0792,-118.2923,NA,FALSE,FALSE,FALSE,"NULL"
"211","American Conservatory Theater",37.7873,-122.4049,NA,FALSE,FALSE,FALSE,"NULL"
"212","American River College",38.6497,-121.346,NA,FALSE,FALSE,FALSE,"NULL"
"213","Everest College-Hayward",37.6754,-122.0848,NA,FALSE,FALSE,FALSE,"NULL"
"214","Antelope Valley College",34.6762,-118.1862,NA,FALSE,TRUE,FALSE,"NULL"
"215","Art Center College of Design",34.1708,-118.1869,81.67,FALSE,FALSE,FALSE,"NULL"
"216","Associated Technical College-Los Angeles",34.056,-118.2724,NA,FALSE,FALSE,FALSE,"NULL"
"217","Associated Technical College-San Diego",32.7157,-117.1582,NA,FALSE,FALSE,FALSE,"NULL"
"218","Azusa Pacific University",34.1309,-117.888,79.85,FALSE,FALSE,FALSE,"88"
"219","Bakersfield College",35.4108,-118.9735,NA,FALSE,FALSE,FALSE,"NULL"
"220","Barstow Community College",34.8715,-117.0252,NA,FALSE,FALSE,FALSE,"NULL"
"221","Bellus Academy-National City",32.6768,-117.0902,NA,FALSE,FALSE,FALSE,"NULL"
"222","Bethesda University of California",33.8423,-117.9413,83.21,FALSE,FALSE,FALSE,"99"
"223","Biola University",33.9048,-118.0173,72.86,FALSE,FALSE,FALSE,"88"
"224","Brooks Institute",34.4186,-119.696,98,FALSE,FALSE,FALSE,"NULL"
"225","Brownson Technical School",33.819,-117.9064,NA,FALSE,FALSE,FALSE,"NULL"
"226","Bryan University",34.0614,-118.3029,NA,FALSE,FALSE,FALSE,"NULL"
"227","Butte College",39.6491,-121.6447,NA,FALSE,FALSE,FALSE,"NULL"
"228","Phillips Graduate Institute",34.2427,-118.5677,NA,FALSE,FALSE,FALSE,"NULL"
"229","California Institute of Integral Studies",37.7748,-122.4165,NA,FALSE,FALSE,FALSE,"NULL"
"230","Cabrillo College",36.9891,-121.9279,NA,FALSE,FALSE,FALSE,"NULL"
"231","California Baptist University",33.9286,-117.4259,78.8,FALSE,FALSE,FALSE,"75"
"232","California College of the Arts",37.8357,-122.2514,81.57,FALSE,FALSE,FALSE,"NULL"
"233","University of California-Hastings College of Law",37.7807,-122.4154,NA,FALSE,FALSE,FALSE,"NULL"
"234","California Institute of Technology",34.1393,-118.1257,10.55,FALSE,FALSE,FALSE,"NULL"
"235","California Lutheran University",34.2256,-118.8795,48.02,FALSE,FALSE,FALSE,"39"
"236","California Polytechnic State University-San Luis Obispo",35.2989,-120.6586,31.23,FALSE,FALSE,FALSE,"NULL"
"237","Alliant International University",32.8971,-117.0944,49.22,FALSE,FALSE,FALSE,"NULL"
"238","California State University-Bakersfield",35.35,-119.1047,66.26,FALSE,TRUE,FALSE,"NULL"
"239","California State University-Stanislaus",37.5258,-120.8525,72.15,FALSE,TRUE,FALSE,"NULL"
"240","California State University-San Bernardino",34.183,-117.3225,58.31,FALSE,FALSE,FALSE,"NULL"
"241","California State Polytechnic University-Pomona",34.0543,-117.819,52.18,FALSE,FALSE,FALSE,"NULL"
"242","California State University-Chico",39.728,-121.8463,71.61,FALSE,FALSE,FALSE,"NULL"
"243","California State University-Dominguez Hills",33.8652,-118.2593,57.47,FALSE,TRUE,FALSE,"NULL"
"244","California State University-Fresno",36.8145,-119.7483,58.15,FALSE,TRUE,FALSE,"NULL"
"245","California State University-Fullerton",33.8836,-117.8853,45.79,FALSE,FALSE,FALSE,"NULL"
"246","California State University-East Bay",37.6571,-122.0581,68.72,TRUE,FALSE,FALSE,"NULL"
"247","California State University-Long Beach",33.7828,-118.1123,30.82,FALSE,FALSE,FALSE,"NULL"
"248","California State University-Los Angeles",34.0669,-118.169,67.52,FALSE,FALSE,FALSE,"NULL"
"249","California State University-Northridge",34.2367,-118.5268,46.24,FALSE,TRUE,FALSE,"NULL"
"250","California State University-Sacramento",38.5575,-121.4219,69.68,TRUE,FALSE,FALSE,"NULL"
"251","University of California-Berkeley",37.8715,-122.2604,18,FALSE,FALSE,FALSE,"NULL"
"252","University of California-Davis",38.5399,-121.752,45.21,FALSE,FALSE,FALSE,"NULL"
"253","University of California-Irvine",33.667,-117.7686,42.39,FALSE,FALSE,FALSE,"NULL"
"254","University of California-Los Angeles",34.0689,-118.4439,21.99,FALSE,FALSE,FALSE,"NULL"
"255","University of California-Riverside",33.9759,-117.3311,62,FALSE,FALSE,FALSE,"NULL"
"256","University of California-San Diego",32.8766,-117.2378,37.5,FALSE,FALSE,FALSE,"NULL"
"257","University of California-San Francisco",37.7627,-122.458,NA,FALSE,FALSE,FALSE,"NULL"
"258","University of California-Santa Barbara",34.4155,-119.8481,44.44,FALSE,FALSE,FALSE,"NULL"
"259","University of California-Santa Cruz",36.9973,-122.068,59.91,FALSE,FALSE,FALSE,"NULL"
"260","Sofia University",37.4303,-122.1087,NA,FALSE,FALSE,FALSE,"NULL"
"261","California Beauty School",37.6452,-120.9969,NA,FALSE,FALSE,FALSE,"NULL"
"262","California Christian College",36.7676,-119.7328,83.33,FALSE,FALSE,FALSE,"41"
"263","California College San Diego",32.7702,-117.1338,NA,FALSE,FALSE,FALSE,"NULL"
"264","Le Cordon Bleu College of Culinary Arts-San Francisco",37.7654,-122.4026,NA,FALSE,FALSE,FALSE,"NULL"
"265","California Hair Design Academy",32.7652,-117.0243,NA,FALSE,FALSE,FALSE,"NULL"
"266","California Institute of the Arts",34.3933,-118.5673,29.92,FALSE,FALSE,FALSE,"NULL"
"267","California Maritime Academy",38.0691,-122.2316,74.8,FALSE,FALSE,FALSE,"NULL"
"268","California Western School of Law",32.7219,-117.1626,NA,FALSE,FALSE,FALSE,"NULL"
"269","Canada College",37.4474,-122.2655,NA,FALSE,TRUE,FALSE,"NULL"
"270","College of the Canyons",34.4031,-118.5695,NA,FALSE,TRUE,FALSE,"NULL"
"271","Career Academy of Beauty",33.781,-118.0317,NA,FALSE,FALSE,FALSE,"NULL"
"272","Casa Loma College-Van Nuys",34.1954,-118.4483,100,FALSE,FALSE,FALSE,"NULL"
"273","CET-San Diego",32.7117,-117.1225,NA,FALSE,FALSE,FALSE,"NULL"
"274","CET-Sobrato",37.3227,-121.887,NA,FALSE,FALSE,FALSE,"NULL"
"275","CET-El Centro",32.7909,-115.5491,NA,FALSE,FALSE,FALSE,"NULL"
"276","CET-San Bernardino",34.0751,-117.2687,NA,FALSE,FALSE,FALSE,"NULL"
"277","CET-Watsonville",36.9318,-121.768,NA,FALSE,FALSE,FALSE,"NULL"
"278","CET-Gilroy",37.0157,-121.5614,NA,FALSE,FALSE,FALSE,"NULL"
"279","CET-Salinas",36.6716,-121.6528,NA,FALSE,FALSE,FALSE,"NULL"
"280","Cerritos College",33.8858,-118.0973,NA,FALSE,FALSE,FALSE,"NULL"
"281","Cerro Coso Community College",35.5678,-117.6677,NA,FALSE,FALSE,FALSE,"NULL"
"282","Chabot College",37.6425,-122.107,NA,FALSE,FALSE,FALSE,"NULL"
"283","Chaffey College",34.1471,-117.5731,NA,FALSE,TRUE,FALSE,"NULL"
"284","Chapman University",33.7937,-117.8515,44.71,FALSE,FALSE,FALSE,"61"
"285","Charles R Drew University of Medicine and Science",33.9257,-118.2428,88.89,FALSE,FALSE,FALSE,"NULL"
"286","Concordia University-Irvine",33.6535,-117.8106,91.19,FALSE,FALSE,FALSE,"68"
"287","San Diego Christian College",32.8,-116.9031,49.2,FALSE,FALSE,FALSE,"88"
"288","Church Divinity School of the Pacific",37.8762,-122.2614,NA,FALSE,FALSE,FALSE,"73"
"289","Citrus College",34.1355,-117.8853,NA,FALSE,TRUE,FALSE,"NULL"
"291","City College of San Francisco",37.726,-122.4512,NA,TRUE,FALSE,FALSE,"NULL"
"292","Claremont Graduate University",34.1038,-117.7124,NA,FALSE,FALSE,FALSE,"NULL"
"293","Claremont McKenna College",34.1023,-117.7066,11.73,FALSE,FALSE,FALSE,"NULL"
"294","Milan Institute-Visalia",36.2841,-119.3134,NA,FALSE,FALSE,FALSE,"NULL"
"295","Clovis Adult Education",36.8369,-119.6902,NA,FALSE,FALSE,FALSE,"NULL"
"296","Coastline Community College",33.6098,-117.8618,NA,FALSE,FALSE,FALSE,"NULL"
"297","Cogswell College",37.407,-122.0242,77.84,FALSE,FALSE,FALSE,"NULL"
"298","Coleman University",32.822,-117.1365,100,FALSE,FALSE,FALSE,"NULL"
"299","COBA Academy",33.7883,-117.8535,NA,FALSE,FALSE,FALSE,"NULL"
"300","Western University of Health Sciences",34.0581,-117.7477,NA,FALSE,FALSE,FALSE,"NULL"
"301","Columbia College",38.0304,-120.3876,NA,FALSE,FALSE,FALSE,"NULL"
"302","Columbia College-Hollywood",34.1796,-118.5384,54.8,FALSE,FALSE,FALSE,"NULL"
"303","El Camino College-Compton Center",33.8767,-118.2092,NA,FALSE,TRUE,FALSE,"NULL"
"304","Contra Costa College",37.9686,-122.3424,NA,FALSE,FALSE,FALSE,"NULL"
"305","Cosumnes River College",38.4538,-121.423,NA,FALSE,FALSE,FALSE,"NULL"
"306","Crafton Hills College",34.0385,-117.1008,NA,FALSE,TRUE,FALSE,"NULL"
"307","Cuesta College",35.3299,-120.7416,NA,FALSE,FALSE,FALSE,"NULL"
"308","Cuyamaca College",32.7431,-116.941,NA,FALSE,FALSE,FALSE,"NULL"
"309","Cypress College",33.8276,-118.0239,NA,FALSE,TRUE,FALSE,"NULL"
"310","De Anza College",37.3192,-122.0454,NA,FALSE,FALSE,FALSE,"NULL"
"311","Marinello Schools of Beauty-Hemet",33.746,-116.9999,NA,FALSE,FALSE,FALSE,"NULL"
"312","International School of Beauty Inc",33.7296,-116.4039,NA,FALSE,FALSE,FALSE,"NULL"
"313","Dell'Arte International School of Physical Theatre",40.8809,-123.9889,66.67,FALSE,FALSE,FALSE,"NULL"
"314","College of the Desert",33.7325,-116.3876,NA,FALSE,TRUE,FALSE,"NULL"
"315","Design Institute of San Diego",32.731,-117.1498,NA,FALSE,FALSE,FALSE,"NULL"
"316","Diablo Valley College",37.968,-122.0699,NA,FALSE,FALSE,FALSE,"NULL"
"317","Dominican University of California",37.98,-122.5147,77.52,FALSE,FALSE,FALSE,"NULL"
"318","Dominican School of Philosophy & Theology",37.8811,-122.2646,NA,FALSE,FALSE,FALSE,"30"
"319","East Los Angeles College",34.0392,-118.1484,NA,FALSE,FALSE,FALSE,"NULL"
"320","Marinello Schools of Beauty-Santa Clara",37.348,-121.9478,NA,FALSE,FALSE,FALSE,"NULL"
"321","El Camino Community College District",33.8856,-118.3266,NA,FALSE,FALSE,FALSE,"NULL"
"322","Elegance International",34.0622,-118.3383,NA,FALSE,FALSE,FALSE,"NULL"
"323","Marinello Schools of Beauty-Burbank",34.1819,-118.3097,NA,FALSE,FALSE,FALSE,"NULL"
"324","Marinello Schools of Beauty-Moreno Valley",33.916,-117.2281,NA,FALSE,FALSE,FALSE,"NULL"
"325","Emperor's College of Traditional Oriental Medicine",34.0303,-118.4847,NA,FALSE,FALSE,FALSE,"NULL"
"326","Empire College School of Business",38.4678,-122.7286,NA,FALSE,FALSE,FALSE,"NULL"
"327","Evergreen Valley College",37.3017,-121.7667,NA,FALSE,TRUE,FALSE,"NULL"
"328","Fashion Institute of Design & Merchandising-Los Angeles",34.0442,-118.2599,57.01,FALSE,FALSE,FALSE,"NULL"
"329","Fashion Institute of Design & Merchandising-San Francisco",37.7863,-122.4065,63.58,FALSE,FALSE,FALSE,"NULL"
"330","Fashion Institute of Design & Merchandising-Orange County",33.692,-117.8523,69.15,FALSE,FALSE,FALSE,"NULL"
"331","Feather River Community College District",39.9524,-120.9709,NA,FALSE,FALSE,FALSE,"NULL"
"332","Federico Beauty Institute",38.6488,-121.4978,NA,FALSE,FALSE,FALSE,"NULL"
"333","Fielding Graduate University",34.4344,-119.7139,NA,FALSE,FALSE,FALSE,"NULL"
"334","Five Branches University",36.9641,-121.9985,NA,FALSE,FALSE,FALSE,"NULL"
"335","Hair California Beauty Academy",33.8058,-117.8367,NA,FALSE,FALSE,FALSE,"NULL"
"336","Foothill College",37.3611,-122.1283,NA,FALSE,FALSE,FALSE,"NULL"
"337","Franciscan School of Theology",37.8771,-122.2609,NA,FALSE,FALSE,FALSE,"30"
"338","Fredrick and Charles Beauty College",40.7988,-124.1658,NA,FALSE,FALSE,FALSE,"NULL"
"339","Fresno City College",36.7675,-119.7951,NA,FALSE,TRUE,FALSE,"NULL"
"340","Fresno Pacific University",36.7253,-119.732,78.44,FALSE,FALSE,FALSE,"43"
"341","Fuller Theological Seminary in California",34.1478,-118.1403,NA,FALSE,FALSE,FALSE,"78"
"342","Fullerton College",33.8768,-117.917,NA,FALSE,FALSE,FALSE,"NULL"
"343","Gavilan College",36.9733,-121.5682,NA,FALSE,TRUE,FALSE,"NULL"
"344","Gemological Institute of America-Carlsbad",33.1313,-117.3188,NA,FALSE,FALSE,FALSE,"NULL"
"345","Glendale Community College",34.1664,-118.2283,NA,FALSE,FALSE,FALSE,"NULL"
"346","Glendale Career College",34.1496,-118.2549,100,FALSE,FALSE,FALSE,"NULL"
"347","Golden Gate University-San Francisco",37.7892,-122.3988,NA,FALSE,FALSE,FALSE,"NULL"
"348","Golden West College",33.7338,-118.003,NA,FALSE,FALSE,FALSE,"NULL"
"349","Graduate Theological Union",37.8755,-122.2618,NA,FALSE,FALSE,FALSE,"NULL"
"350","Grossmont College",32.8161,-117.0073,NA,FALSE,FALSE,FALSE,"NULL"
"351","Salon Success Academy-San Bernardino",34.136,-117.2876,NA,FALSE,FALSE,FALSE,"NULL"
"352","Hartnell College",36.6731,-121.6688,NA,FALSE,FALSE,FALSE,"NULL"
"353","Harvey Mudd College",34.1061,-117.7106,18.17,FALSE,FALSE,FALSE,"NULL"
"354","Heald College-Rancho Cordova",38.5944,-121.2801,NA,FALSE,FALSE,FALSE,"NULL"
"355","Heald College-Fresno",36.8224,-119.7955,NA,FALSE,FALSE,FALSE,"NULL"
"356","Heald College-San Jose",37.4109,-121.8939,NA,FALSE,FALSE,FALSE,"NULL"
"357","Heald College-San Francisco",37.7819,-122.4043,NA,FALSE,FALSE,FALSE,"NULL"
"358","Heald College-Concord",38.0189,-122.03,NA,FALSE,FALSE,FALSE,"NULL"
"359","Hilltop Beauty School",37.7055,-122.4617,NA,FALSE,FALSE,FALSE,"NULL"
"360","Holy Names University",37.8027,-122.1872,56.68,FALSE,FALSE,FALSE,"30"
"361","Pacifica Graduate Institute",34.4205,-119.5803,NA,FALSE,FALSE,FALSE,"NULL"
"362","Humboldt State University",40.8741,-124.0814,80.18,FALSE,FALSE,FALSE,"NULL"
"363","Humphreys College-Stockton and Modesto Campuses",38.0111,-121.3164,NA,FALSE,FALSE,FALSE,"NULL"
"364","Imperial Valley College",32.8276,-115.5039,NA,FALSE,TRUE,FALSE,"NULL"
"365","Institute for Business and Technology",37.3686,-121.9695,NA,FALSE,FALSE,FALSE,"NULL"
"366","Interior Designers Institute",33.6414,-117.8657,NA,FALSE,FALSE,FALSE,"NULL"
"367","Toni & Guy Hairdressing Academy-Santa Monica",34.0175,-118.4949,NA,FALSE,FALSE,FALSE,"NULL"
"368","Irvine Valley College",33.6751,-117.7786,NA,FALSE,FALSE,FALSE,"NULL"
"369","ITT Technical Institute-National City",32.8071,-117.1197,92.98,FALSE,FALSE,FALSE,"NULL"
"370","ITT Technical Institute-San Dimas",34.1024,-117.8184,96.17,FALSE,FALSE,FALSE,"NULL"
"371","ITT Technical Institute-Orange",33.7812,-117.8963,91,FALSE,FALSE,FALSE,"NULL"
"372","Bellus Academy-El Cajon",32.7948,-116.9457,NA,FALSE,FALSE,FALSE,"NULL"
"373","John F Kennedy University",37.8818,-122.184,NA,FALSE,FALSE,FALSE,"NULL"
"374","American Jewish University",34.1281,-118.4718,59,FALSE,FALSE,FALSE,"80"
"375","Reedley College",36.606,-119.4599,NA,FALSE,TRUE,FALSE,"NULL"
"376","Life Pacific College",34.0894,-117.831,74.82,FALSE,FALSE,FALSE,"79"
"377","The Art Institute of California-Argosy University San Diego",32.7783,-117.1554,NA,FALSE,FALSE,FALSE,"NULL"
"378","University of La Verne",34.1009,-117.7726,38.95,FALSE,FALSE,FALSE,"NULL"
"379","Laguna College of Art and Design",33.5614,-117.7726,43.27,FALSE,FALSE,FALSE,"NULL"
"380","Lake Tahoe Community College",38.9269,-119.9716,NA,FALSE,FALSE,FALSE,"NULL"
"381","Lancaster Beauty School",34.6956,-118.1487,NA,FALSE,FALSE,FALSE,"NULL"
"382","Laney College",37.7962,-122.2624,NA,FALSE,FALSE,FALSE,"NULL"
"383","Lassen Community College",40.4313,-120.6312,NA,FALSE,FALSE,FALSE,"NULL"
"384","Life Chiropractic College West",37.6376,-122.1163,NA,FALSE,FALSE,FALSE,"NULL"
"385","Lincoln University",37.8048,-122.2697,NA,FALSE,FALSE,FALSE,"NULL"
"386","Southern California Seminary",32.8033,-116.9005,NA,FALSE,FALSE,FALSE,"54"
"387","La Sierra University",33.9088,-117.4971,46.77,FALSE,FALSE,FALSE,"95"
"388","Loma Linda University",34.0515,-117.2611,NA,FALSE,FALSE,FALSE,"95"
"389","Long Beach City College",33.8317,-118.1358,NA,FALSE,FALSE,FALSE,"NULL"
"390","Southern California University of Health Sciences",33.9246,-117.9854,NA,FALSE,FALSE,FALSE,"NULL"
"391","Los Angeles Harbor College",33.7842,-118.2819,NA,FALSE,FALSE,FALSE,"NULL"
"392","Los Angeles Pierce College",34.1842,-118.5772,NA,FALSE,FALSE,FALSE,"NULL"
"393","Los Angeles Southwest College",33.9296,-118.3047,NA,FALSE,FALSE,FALSE,"NULL"
"394","Los Angeles Trade Technical College",34.0326,-118.2691,NA,FALSE,FALSE,FALSE,"NULL"
"395","Los Angeles Valley College",34.1764,-118.4214,NA,FALSE,FALSE,FALSE,"NULL"
"396","The Master's College and Seminary",34.3821,-118.5174,61.37,FALSE,FALSE,FALSE,"42"
"397","Los Angeles City College",34.0873,-118.2922,NA,FALSE,TRUE,FALSE,"NULL"
"398","Los Angeles County College of Nursing and Allied Health",34.0616,-118.2114,NA,FALSE,FALSE,FALSE,"NULL"
"399","Los Angeles Mission College",34.3149,-118.4191,NA,FALSE,FALSE,FALSE,"NULL"
"400","Los Medanos College",38.0056,-121.8611,NA,FALSE,TRUE,FALSE,"NULL"
"401","The Art Institute of California-Argosy University San Francisco",37.804,-122.4172,NA,FALSE,FALSE,FALSE,"NULL"
"402","Loyola Marymount University",33.9706,-118.4157,54.12,FALSE,FALSE,FALSE,"30"
"403","Lu Ross Academy",34.278,-119.294,NA,FALSE,FALSE,FALSE,"NULL"
"404","Manchester Beauty College",36.7929,-119.7912,NA,FALSE,FALSE,FALSE,"NULL"
"405","Tulare Beauty College",36.2041,-119.3679,NA,FALSE,FALSE,FALSE,"NULL"
"406","Lyles Fresno College of Beauty",36.8363,-119.7737,NA,FALSE,FALSE,FALSE,"NULL"
"407","Lytles Redwood Empire Beauty College Inc",38.5086,-122.7585,NA,FALSE,FALSE,FALSE,"NULL"
"408","MTI Business College Inc",38.0073,-121.3085,NA,FALSE,FALSE,FALSE,"NULL"
"409","MTI College",38.6614,-121.3426,NA,FALSE,FALSE,FALSE,"NULL"
"410","Kaplan College-Sacramento",38.6445,-121.3805,NA,FALSE,FALSE,FALSE,"NULL"
"411","Kaplan College-San Diego",32.8217,-117.133,NA,FALSE,FALSE,FALSE,"NULL"
"412","Kaplan College-Vista",33.1724,-117.2208,NA,FALSE,FALSE,FALSE,"NULL"
"413","College of Marin",37.955,-122.5499,NA,FALSE,FALSE,FALSE,"NULL"
"414","Marinello Schools of Beauty-Los Angeles",34.0275,-118.2199,NA,FALSE,FALSE,FALSE,"NULL"
"415","Marymount California University",33.7346,-118.3334,NA,FALSE,FALSE,FALSE,"30"
"416","Mendocino College",39.1912,-123.229,NA,FALSE,FALSE,FALSE,"NULL"
"417","Menlo College",37.4529,-122.1814,37.05,FALSE,FALSE,FALSE,"NULL"
"418","Merced College",37.3353,-120.4767,NA,FALSE,FALSE,FALSE,"NULL"
"419","Merritt College",37.7891,-122.1673,NA,FALSE,FALSE,FALSE,"NULL"
"420","Mills College",37.7826,-122.1879,67.98,FALSE,FALSE,TRUE,"NULL"
"421","MiraCosta College",33.1912,-117.3023,NA,FALSE,FALSE,FALSE,"NULL"
"422","Marinello Schools of Beauty-San Francisco",37.7795,-122.4104,NA,FALSE,FALSE,FALSE,"NULL"
"423","Mission College",37.3913,-121.9822,NA,TRUE,FALSE,FALSE,"NULL"
"424","Modern Beauty Academy",34.1954,-119.1814,NA,FALSE,FALSE,FALSE,"NULL"
"425","Kaplan College-North Hollywood",34.1827,-118.3961,NA,FALSE,FALSE,FALSE,"NULL"
"426","Modesto Junior College",37.652,-121.0097,NA,FALSE,FALSE,FALSE,"NULL"
"427","Moler Barber College",37.8268,-122.2651,NA,FALSE,FALSE,FALSE,"NULL"
"428","Monterey Institute of International Studies",36.5998,-121.8968,NA,FALSE,FALSE,FALSE,"NULL"
"429","Monterey Peninsula College",36.5908,-121.8858,NA,FALSE,FALSE,FALSE,"NULL"
"430","Moorpark College",34.3,-118.8366,NA,FALSE,FALSE,FALSE,"NULL"
"431","Mt San Antonio College",34.0438,-117.8437,NA,TRUE,TRUE,FALSE,"NULL"
"432","Mount St Mary's College",34.0821,-118.4805,74.09,FALSE,TRUE,TRUE,"30"
"433","Mt San Jacinto Community College District",33.8074,-116.9701,NA,FALSE,TRUE,FALSE,"NULL"
"434","Mueller College",32.7639,-117.1643,NA,FALSE,FALSE,FALSE,"NULL"
"435","Musicians Institute",34.1015,-118.3377,98.88,FALSE,FALSE,FALSE,"NULL"
"436","Napa Valley College",38.2725,-122.2726,NA,FALSE,FALSE,FALSE,"NULL"
"437","Everest College-San Francisco",37.7845,-122.4048,NA,FALSE,FALSE,FALSE,"NULL"
"438","Everest College-Reseda",34.2008,-118.5267,NA,FALSE,FALSE,FALSE,"NULL"
"439","Everest College-LA Wilshire",34.0613,-118.2993,NA,FALSE,FALSE,FALSE,"NULL"
"440","Everest College-San Jose",37.3028,-121.9507,NA,FALSE,FALSE,FALSE,"NULL"
"441","Everest College-Gardena",33.8931,-118.2929,NA,FALSE,FALSE,FALSE,"NULL"
"442","Everest College-Alhambra",34.0802,-118.1487,NA,FALSE,FALSE,FALSE,"NULL"
"443","Everest College-San Bernardino",34.0598,-117.2822,NA,FALSE,FALSE,FALSE,"NULL"
"444","The National Hispanic University",37.3591,-121.8159,NA,FALSE,FALSE,FALSE,"NULL"
"445","National Holistic Institute",37.8419,-122.2877,NA,FALSE,FALSE,FALSE,"NULL"
"446","National University",32.9095,-117.2442,NA,FALSE,FALSE,FALSE,"NULL"
"447","Newschool of Architecture and Design",32.7133,-117.1533,79.49,FALSE,FALSE,FALSE,"NULL"
"448","Newberry School of Beauty",34.2575,-118.4995,NA,FALSE,FALSE,FALSE,"NULL"
"449","Adrian's College of Beauty Modesto",37.6778,-120.9928,NA,FALSE,FALSE,FALSE,"NULL"
"450","North-West College-Pomona",34.0621,-117.751,100,FALSE,FALSE,FALSE,"NULL"
"451","North-West College-West Covina",34.0721,-117.9496,100,FALSE,FALSE,FALSE,"NULL"
"452","North-West College-Pasadena",34.1469,-118.1393,100,FALSE,FALSE,FALSE,"NULL"
"453","Notre Dame de Namur University",37.5175,-122.2846,87.2,FALSE,TRUE,FALSE,"30"
"454","Occidental College",34.1262,-118.2108,42.39,FALSE,FALSE,FALSE,"NULL"
"455","Oceanside College of Beauty",33.1789,-117.3653,NA,FALSE,FALSE,FALSE,"NULL"
"456","Ohlone College",37.528,-121.9146,NA,FALSE,FALSE,FALSE,"NULL"
"457","Orange Coast College",33.6702,-117.9114,NA,FALSE,FALSE,FALSE,"NULL"
"458","Otis College of Art and Design",33.9566,-118.4166,46.28,FALSE,FALSE,FALSE,"NULL"
"459","Oxnard College",34.1649,-119.1555,NA,FALSE,FALSE,FALSE,"NULL"
"460","Hope International University",33.8762,-117.8857,46.81,FALSE,FALSE,FALSE,"48"
"461","Concorde Career College-San Diego",32.7041,-117.1019,100,FALSE,FALSE,FALSE,"NULL"
"462","Palo Alto University",37.3833,-122.186,NA,FALSE,FALSE,FALSE,"NULL"
"463","Pacific Lutheran Theological Seminary",37.8982,-122.2602,NA,FALSE,FALSE,FALSE,"39"
"464","Pacific Oaks College",34.1515,-118.1609,NA,FALSE,FALSE,FALSE,"NULL"
"465","Pacific School of Religion",37.8766,-122.2633,NA,FALSE,FALSE,FALSE,"78"
"466","Pacific States University",34.0617,-118.2996,NA,FALSE,FALSE,FALSE,"NULL"
"467","Pacific Union College",38.5741,-122.4496,50.55,FALSE,FALSE,FALSE,"95"
"468","University of the Pacific",37.9806,-121.3073,72.65,FALSE,FALSE,FALSE,"NULL"
"469","Palo Verde College",33.6615,-114.6517,NA,FALSE,FALSE,FALSE,"NULL"
"470","Palomar College",33.1502,-117.1817,NA,FALSE,TRUE,FALSE,"NULL"
"471","Paris Beauty College",37.9722,-122.0435,NA,FALSE,FALSE,FALSE,"NULL"
"472","Pasadena City College",34.1446,-118.1182,NA,FALSE,TRUE,FALSE,"NULL"
"473","Pepperdine University",34.0419,-118.7077,37.34,FALSE,FALSE,FALSE,"74"
"474","Pitzer College",34.1034,-117.7059,14.51,FALSE,FALSE,FALSE,"NULL"
"475","Platt College-San Diego",32.7637,-117.0635,NA,FALSE,FALSE,FALSE,"NULL"
"476","Point Loma Nazarene University",32.7133,-117.2512,66.54,FALSE,FALSE,FALSE,"59"
"477","Pomona College",34.0983,-117.7119,13.92,FALSE,FALSE,FALSE,"NULL"
"478","Porterville College",36.0493,-119.0144,NA,FALSE,FALSE,FALSE,"NULL"
"479","Westwood College-South Bay",33.8518,-118.2898,NA,FALSE,FALSE,FALSE,"NULL"
"480","Professional Institute of Beauty",34.075,-118.038,NA,FALSE,FALSE,FALSE,"NULL"
"481","Santa Ana College",33.7592,-117.8884,NA,FALSE,FALSE,FALSE,"NULL"
"482","Pardee RAND Graduate School",34.01,-118.4905,NA,FALSE,FALSE,FALSE,"NULL"
"483","Shasta School of Cosmetology",40.5969,-122.387,NA,FALSE,FALSE,FALSE,"NULL"
"484","University of Redlands",34.0636,-117.1638,67.2,FALSE,FALSE,FALSE,"NULL"
"485","College of the Redwoods",40.6967,-124.1951,NA,FALSE,FALSE,FALSE,"NULL"
"486","Salon Success Academy-Upland",34.1084,-117.6311,NA,FALSE,FALSE,FALSE,"NULL"
"487","Salon Success Academy-Corona",33.8832,-117.5135,NA,FALSE,FALSE,FALSE,"NULL"
"488","Rio Hondo College",34.0199,-118.0333,NA,FALSE,TRUE,FALSE,"NULL"
"489","Riverside City College",33.9715,-117.3805,NA,FALSE,TRUE,FALSE,"NULL"
"490","Argosy University-San Francisco Bay Area",37.7812,-122.2675,NA,FALSE,FALSE,FALSE,"NULL"
"491","Rosemead Beauty School",34.0808,-118.0828,NA,FALSE,FALSE,FALSE,"NULL"
"492","Dongguk University-Los Angeles",34.0662,-118.2899,NA,FALSE,FALSE,FALSE,"NULL"
"493","Sacramento City College",38.5419,-121.4917,NA,FALSE,FALSE,FALSE,"NULL"
"494","Saddleback College",33.5519,-117.6649,NA,FALSE,FALSE,FALSE,"NULL"
"495","Samuel Merritt University",37.82,-122.2669,NA,FALSE,FALSE,FALSE,"NULL"
"496","San Diego City College",32.7189,-117.1516,NA,FALSE,FALSE,FALSE,"NULL"
"497","Golf Academy of America-Carlsbad",33.1229,-117.2834,NA,FALSE,FALSE,FALSE,"NULL"
"498","San Diego Mesa College",32.8049,-117.1691,NA,FALSE,TRUE,FALSE,"NULL"
"499","San Diego Miramar College",32.9095,-117.1209,NA,FALSE,FALSE,FALSE,"NULL"
"500","San Diego State University",32.7753,-117.0712,31.21,FALSE,FALSE,FALSE,"NULL"
"501","University of San Diego",32.7714,-117.1887,48.85,FALSE,FALSE,FALSE,"30"
"502","San Francisco Art Institute",37.8036,-122.417,82.69,FALSE,FALSE,FALSE,"NULL"
"503","San Francisco Conservatory of Music",37.7753,-122.4201,39.86,FALSE,FALSE,FALSE,"NULL"
"504","San Francisco State University",37.7213,-122.4779,63.79,FALSE,FALSE,FALSE,"NULL"
"505","San Francisco Theological Seminary",37.9696,-122.5643,NA,FALSE,FALSE,FALSE,"66"
"506","University of San Francisco",37.7756,-122.451,61.29,FALSE,FALSE,FALSE,"30"
"507","San Joaquin College of Law",36.824,-119.6978,NA,FALSE,FALSE,FALSE,"NULL"
"508","San Joaquin Delta College",37.9946,-121.3172,NA,FALSE,FALSE,FALSE,"NULL"
"509","San Joaquin Valley College-Visalia",36.328,-119.385,NA,FALSE,FALSE,FALSE,"NULL"
"510","San Joaquin Valley College-Bakersfield",35.3528,-119.0623,NA,FALSE,FALSE,FALSE,"NULL"
"511","William Jessup University",38.8197,-121.2923,69.29,FALSE,FALSE,FALSE,"79"
"512","San Jose City College",37.3163,-121.9297,NA,FALSE,TRUE,FALSE,"NULL"
"513","San Jose State University",37.3352,-121.8812,63.47,TRUE,FALSE,FALSE,"NULL"
"514","College of San Mateo",37.5344,-122.3361,NA,FALSE,FALSE,FALSE,"NULL"
"515","Santa Barbara Business College-Bakersfield",35.3595,-119.0613,NA,FALSE,FALSE,FALSE,"NULL"
"516","Westwood College-Los Angeles",34.0614,-118.2933,NA,FALSE,FALSE,FALSE,"NULL"
"517","Santa Barbara Business College-Santa Maria",34.4039,-119.6997,NA,FALSE,FALSE,FALSE,"NULL"
"518","Santa Barbara City College",34.4068,-119.698,NA,FALSE,TRUE,FALSE,"NULL"
"519","Santa Clara University",37.3527,-121.9382,51.22,FALSE,FALSE,FALSE,"30"
"520","Santa Monica College",34.019,-118.4704,NA,FALSE,TRUE,FALSE,"NULL"
"521","Santa Rosa Junior College",38.4542,-122.7207,NA,FALSE,TRUE,FALSE,"NULL"
"522","Saybrook University",37.7984,-122.4001,NA,FALSE,FALSE,FALSE,"NULL"
"523","Scripps College",34.1037,-117.7113,35.7,FALSE,FALSE,TRUE,"NULL"
"524","Wyotech-Fremont",37.4693,-121.9194,NA,FALSE,FALSE,FALSE,"NULL"
"525","College of the Sequoias",36.323,-119.3148,NA,FALSE,TRUE,FALSE,"NULL"
"526","Shasta Bible College and Graduate School",40.5642,-122.3157,100,FALSE,FALSE,FALSE,"54"
"527","Shasta College",40.6257,-122.318,NA,FALSE,FALSE,FALSE,"NULL"
"528","Sierra College",38.7928,-121.2126,NA,FALSE,FALSE,FALSE,"NULL"
"529","Sierra College of Beauty",37.3066,-120.4957,NA,FALSE,FALSE,FALSE,"NULL"
"530","Sierra Valley College of Court Reporting",36.8028,-119.773,NA,FALSE,FALSE,FALSE,"NULL"
"531","Trinity Law School",33.7661,-117.8521,NA,FALSE,FALSE,FALSE,"79"
"532","Simpson University",40.6133,-122.333,55.5,FALSE,FALSE,FALSE,"34"
"533","College of the Siskiyous",41.4138,-122.3892,NA,FALSE,FALSE,FALSE,"NULL"
"534","Charles A Jones Career and Education Center",38.5165,-121.4411,NA,FALSE,FALSE,FALSE,"NULL"
"535","Skyline College",37.6305,-122.466,NA,FALSE,FALSE,FALSE,"NULL"
"536","San Bernardino Valley College",34.0887,-117.3138,NA,FALSE,FALSE,FALSE,"NULL"
"537","Saint Mary's College of California",37.84,-122.1068,69.47,FALSE,FALSE,FALSE,"30"
"538","Solano Community College",38.2355,-122.1202,NA,FALSE,FALSE,FALSE,"NULL"
"539","Sonoma State University",38.341,-122.6733,81.86,FALSE,FALSE,FALSE,"NULL"
"540","Pinnacle College",34.0815,-118.1505,NA,FALSE,FALSE,FALSE,"NULL"
"541","South Baylo University",33.8479,-117.9587,NA,FALSE,FALSE,FALSE,"NULL"
"542","South Coast College",33.7879,-117.8741,NA,FALSE,FALSE,FALSE,"NULL"
"543","Vanguard University of Southern California",33.6627,-117.9009,69.77,FALSE,FALSE,FALSE,"27"
"544","Concorde Career College-Garden Grove",33.7747,-117.9384,100,FALSE,FALSE,FALSE,"NULL"
"545","Southwestern College",32.6416,-116.9972,NA,FALSE,TRUE,FALSE,"NULL"
"546","Starr King School for Ministry",37.8769,-122.2618,NA,FALSE,FALSE,FALSE,"93"
"547","Marshall B Ketchum University",33.8898,-117.8862,NA,FALSE,FALSE,FALSE,"NULL"
"548","Southern California Institute of Architecture",34.0437,-118.2327,86.67,FALSE,FALSE,FALSE,"NULL"
"549","University of Southern California",34.0211,-118.2839,19.84,FALSE,FALSE,FALSE,"NULL"
"550","Southwestern Law School",34.0616,-118.2884,NA,FALSE,FALSE,FALSE,"NULL"
"551","Taft College",35.1489,-119.4618,NA,FALSE,TRUE,FALSE,"NULL"
"552","Claremont School of Theology",34.1076,-117.7153,NA,FALSE,FALSE,FALSE,"71"
"553","Thomas Aquinas College",34.429,-119.0871,79.21,FALSE,FALSE,FALSE,"30"
"554","Marinello Schools of Beauty-Lake Forest",33.6193,-117.7047,NA,FALSE,FALSE,FALSE,"NULL"
"555","Epic Bible College",38.6456,-121.3629,79,FALSE,FALSE,FALSE,"27"
"556","United Education Institute-Huntington Park Campus",33.9861,-118.2262,NA,FALSE,FALSE,FALSE,"NULL"
"557","Concorde Career College-San Bernardino",34.0672,-117.284,100,FALSE,FALSE,FALSE,"NULL"
"558","Universal College of Beauty Inc-Los Angeles 1",33.9594,-118.2921,NA,FALSE,FALSE,FALSE,"NULL"
"559","Concorde Career College-North Hollywood",34.1865,-118.4038,100,FALSE,FALSE,FALSE,"NULL"
"560","Ventura College",34.277,-119.2307,NA,FALSE,TRUE,FALSE,"NULL"
"561","Victor Valley Beauty College Inc",34.5286,-117.3039,NA,FALSE,FALSE,FALSE,"NULL"
"562","Victor Valley College",34.4722,-117.2615,NA,FALSE,FALSE,FALSE,"NULL"
"563","Berkeley City College",37.8705,-122.2698,NA,FALSE,FALSE,FALSE,"NULL"
"566","West Hills College-Coalinga",36.1479,-120.3567,NA,FALSE,TRUE,FALSE,"NULL"
"567","West Los Angeles College",34.0056,-118.3876,NA,FALSE,FALSE,FALSE,"NULL"
"568","West Valley College",37.2631,-122.0097,NA,FALSE,FALSE,FALSE,"NULL"
"569","Carrington College California-Sacramento",38.5618,-121.3689,52.1,FALSE,FALSE,FALSE,"NULL"
"570","Westminster Theological Seminary in California",33.1214,-117.0464,NA,FALSE,FALSE,FALSE,"NULL"
"571","Westmont College",34.4493,-119.6619,70.16,FALSE,FALSE,FALSE,"NULL"
"572","Whittier College",33.9776,-118.0284,63.25,FALSE,FALSE,FALSE,"NULL"
"573","Woodbury University",34.2092,-118.3407,55.75,FALSE,TRUE,FALSE,"NULL"
"574","The Wright Institute",37.8682,-122.2532,NA,FALSE,FALSE,FALSE,"NULL"
"575","Western State College of Law at Argosy University",33.8807,-117.8903,NA,FALSE,FALSE,FALSE,"NULL"
"576","Thomas Jefferson School of Law",32.7104,-117.1541,NA,FALSE,FALSE,FALSE,"NULL"
"577","Yeshiva Ohr Elchonon Chabad West Coast Talmudical Seminary",34.0855,-118.3467,100,FALSE,FALSE,FALSE,"NULL"
"578","Yuba College",39.126,-121.5393,NA,FALSE,FALSE,FALSE,"NULL"
"4314","Stanford University",37.4317,-122.1822,5.69,FALSE,FALSE,FALSE,"NULL"
"4320","ITT Technical Institute-Sylmar",34.2995,-118.4741,94.06,FALSE,FALSE,FALSE,"NULL"
"4341","Antioch University-Los Angeles",33.9876,-118.3847,NA,FALSE,FALSE,FALSE,"NULL"
"4342","Antioch University-Santa Barbara",34.4229,-119.696,NA,FALSE,FALSE,FALSE,"NULL"
"4365","Carrington College California-San Leandro",37.7012,-122.1258,100,FALSE,FALSE,FALSE,"NULL"
"4390","Fashion Institute of Design & Merchandising-San Diego",32.7089,-117.1551,60.59,FALSE,FALSE,FALSE,"NULL"
"4419","Platt College-Los Angeles",34.0818,-118.1518,NA,FALSE,FALSE,FALSE,"NULL"
"4440","Bethel Seminary-San Diego",32.7652,-117.0664,NA,FALSE,FALSE,FALSE,"54"
"4442","Brandman University",33.6557,-117.7686,100,FALSE,FALSE,FALSE,"NULL"
"4448","Adrian's College of Beauty Turlock",37.4926,-120.8634,NA,FALSE,FALSE,FALSE,"NULL"
"4449","California Career School",33.8191,-117.9064,NA,FALSE,FALSE,FALSE,"NULL"
"4450","San Joaquin Valley College-Fresno",36.8301,-119.7835,NA,FALSE,FALSE,FALSE,"NULL"
"4460","Heald College-Roseville",38.7546,-121.2648,NA,FALSE,FALSE,FALSE,"NULL"
"4494","Palomar Institute of Cosmetology",33.1364,-117.1885,NA,FALSE,FALSE,FALSE,"NULL"
"4516","InterCoast Colleges-Orange",33.7894,-117.8935,NA,FALSE,FALSE,FALSE,"NULL"
"4520","Las Positas College",37.7096,-121.8049,NA,FALSE,FALSE,FALSE,"NULL"
"4535","California State University-San Marcos",33.1291,-117.158,62.51,FALSE,FALSE,FALSE,"NULL"
"4538","Kaplan College-Modesto",37.7137,-121.0873,NA,FALSE,FALSE,FALSE,"NULL"
"4554","Madera Beauty College",36.9515,-120.0578,NA,FALSE,FALSE,FALSE,"NULL"
"4560","University of St Augustine for Health Sciences",29.8633,-81.3145,NA,FALSE,FALSE,FALSE,"NULL"
"4573","Hypnosis Motivation Institute",34.1703,-118.5389,NA,FALSE,FALSE,FALSE,"NULL"
"4574","Los Angeles ORT College-Los Angeles Campus",34.0639,-118.3694,NA,FALSE,FALSE,FALSE,"NULL"
"4575","Everest College-West Los Angeles",34.0325,-118.3895,NA,FALSE,FALSE,FALSE,"NULL"
"4576","Thanh Le College School of Cosmetology",33.7889,-117.9082,NA,FALSE,FALSE,FALSE,"NULL"
"4599","Everest College-Ontario",34.0468,-117.559,NA,FALSE,FALSE,FALSE,"NULL"
"4600","Downey Adult School",33.9196,-118.1166,NA,FALSE,FALSE,FALSE,"NULL"
"4601","Heald College-Stockton",38.0036,-121.288,NA,FALSE,FALSE,FALSE,"NULL"
"4602","Heald College-Hayward",37.6366,-122.1149,NA,FALSE,FALSE,FALSE,"NULL"
"4603","CRU Institute",33.7901,-118.0292,NA,FALSE,FALSE,FALSE,"NULL"
"4604","Modern Technology School",33.7231,-117.9188,76.25,FALSE,FALSE,FALSE,"NULL"
"4605","National Career Education",38.5896,-121.2732,NA,FALSE,FALSE,FALSE,"NULL"
"4606","Everest College-Anaheim",33.8393,-117.9598,NA,FALSE,FALSE,FALSE,"NULL"
"4607","Thuy Princess Beauty College",34.0577,-117.7485,NA,FALSE,FALSE,FALSE,"NULL"
"4608","North-West College-Glendale",34.1489,-118.2554,100,FALSE,FALSE,FALSE,"NULL"
"4609","Everest College-City of Industry",34.0294,-118.0246,NA,FALSE,FALSE,FALSE,"NULL"
"4610","Fremont College",33.8678,-118.0983,NA,FALSE,FALSE,FALSE,"NULL"
"4611","Pomona Unified School District Adult and Career Education",34.0536,-117.7764,NA,FALSE,FALSE,FALSE,"NULL"
"4613","University of Phoenix-San Diego Campus",32.816,-117.1167,NA,FALSE,FALSE,FALSE,"NULL"
"4614","Universal College of Beauty Inc-Los Angeles 2",34.0042,-118.3317,NA,FALSE,FALSE,FALSE,"NULL"
"4701","Bellus Academy-Poway",32.9565,-117.0427,NA,FALSE,FALSE,FALSE,"NULL"
"4702","Capstone College",34.2201,-118.4503,NA,FALSE,FALSE,FALSE,"NULL"
"4703","Central Coast College",36.6696,-121.6556,64.54,FALSE,FALSE,FALSE,"NULL"
"4704","ITT Technical Institute-Torrance",33.8491,-118.2905,93.57,FALSE,FALSE,FALSE,"NULL"
"4705","Pacific College of Oriental Medicine-San Diego",32.778,-117.161,NA,FALSE,FALSE,FALSE,"NULL"
"4723","CET-Coachella",33.6922,-116.1859,NA,FALSE,FALSE,FALSE,"NULL"
"4724","CET-Oxnard",34.1942,-119.1815,NA,FALSE,FALSE,FALSE,"NULL"
"4725","CET-Santa Maria",34.9436,-120.442,NA,FALSE,FALSE,FALSE,"NULL"
"4726","CET-Rancho Temecula",33.5119,-117.1689,NA,FALSE,FALSE,FALSE,"NULL"
"4744","ITT Technical Institute-San Bernardino",34.0701,-117.2707,93.67,FALSE,FALSE,FALSE,"NULL"
"4745","Los Angeles ORT College-Van Nuys Campus",34.153,-118.4627,NA,FALSE,FALSE,FALSE,"NULL"
"4747","Mt Diablo Adult Education",37.9692,-122.026,NA,FALSE,FALSE,FALSE,"NULL"
"4748","Royale College of Beauty",33.5155,-117.164,NA,FALSE,FALSE,FALSE,"NULL"
"4749","Westech College",34.0752,-117.5773,NA,FALSE,FALSE,FALSE,"NULL"
"4760","Hacienda La Puente Adult Education",34.0118,-117.9583,NA,FALSE,FALSE,FALSE,"NULL"
"4781","Acupuncture and Integrative Medicine College-Berkeley",37.8628,-122.2676,NA,FALSE,FALSE,FALSE,"NULL"
"4816","Alhambra Beauty College",34.0939,-118.129,NA,FALSE,FALSE,FALSE,"NULL"
"4817","American Auto Institute",33.8926,-118.2873,NA,FALSE,FALSE,FALSE,"NULL"
"4818","Asian American International Beauty College",33.7593,-117.9916,NA,FALSE,FALSE,FALSE,"NULL"
"4819","Avance Beauty College",32.5814,-117.0622,NA,FALSE,FALSE,FALSE,"NULL"
"4821","Copper Mountain Community College",34.1405,-116.2139,NA,FALSE,FALSE,FALSE,"NULL"
"4822","Diversified Vocational College",34.0559,-118.2724,NA,FALSE,FALSE,FALSE,"NULL"
"4823","Bristol University",33.796,-117.8822,NA,FALSE,FALSE,FALSE,"NULL"
"4824","UEI College-Fresno",36.7689,-119.7257,NA,FALSE,FALSE,FALSE,"NULL"
"4825","Mt Sierra College",34.1405,-118.0006,NA,FALSE,FALSE,FALSE,"NULL"
"4826","Wyotech-Long Beach",33.791,-118.2202,NA,FALSE,FALSE,FALSE,"NULL"
"4827","Santiago Canyon College",33.7966,-117.7681,NA,FALSE,TRUE,FALSE,"NULL"
"4828","Southern California Institute of Technology",33.8327,-117.919,NA,FALSE,FALSE,FALSE,"NULL"
"4829","Soka University of America",33.5494,-117.7349,43.36,FALSE,FALSE,FALSE,"NULL"
"4830","Summit College",34.054,-117.3098,NA,FALSE,FALSE,FALSE,"NULL"
"4831","Advance Beauty College",33.7599,-117.9526,NA,FALSE,FALSE,FALSE,"NULL"
"4832","World Mission University",34.0788,-118.3091,80,FALSE,FALSE,FALSE,"99"
"4833","Yo San University of Traditional Chinese Medicine",33.9929,-118.4429,NA,FALSE,FALSE,FALSE,"NULL"
"4834","Coast Career Institute",34.0366,-118.263,NA,FALSE,FALSE,FALSE,"NULL"
"4875","University of Phoenix-Bay Area Campus",37.4085,-121.9442,NA,FALSE,FALSE,FALSE,"NULL"
"4876","University of Phoenix-Southern California Campus",33.6858,-117.885,NA,FALSE,FALSE,FALSE,"NULL"
"4942","California State University-Monterey Bay",36.6537,-121.7992,44.4,FALSE,FALSE,FALSE,"NULL"
"4945","Heald College-Salinas",36.7068,-121.6528,NA,FALSE,FALSE,FALSE,"NULL"
"4950","The Art Institute of California-Argosy University Hollywood",34.0613,-118.2991,NA,FALSE,FALSE,FALSE,"NULL"
"4951","Sage College",33.9463,-117.2814,NA,FALSE,FALSE,FALSE,"NULL"
"4958","Marian Health Careers Center-Los Angeles Campus",34.0621,-118.2951,NA,FALSE,FALSE,FALSE,"NULL"
"4970","Anthem College-Sacramento",38.5613,-121.3342,NA,FALSE,FALSE,FALSE,"NULL"
"4972","Crimson Technical College",33.956,-118.3777,NA,FALSE,FALSE,FALSE,"NULL"
"4974","East San Gabriel Valley Regional Occupational Program",34.0771,-117.9371,NA,FALSE,FALSE,FALSE,"NULL"
"4977","ITT Technical Institute-Oxnard",34.221,-119.146,94.06,FALSE,FALSE,FALSE,"NULL"
"5007","Four-D College",34.0473,-117.3117,NA,FALSE,FALSE,FALSE,"NULL"
"5009","Premiere Career College",34.0801,-117.9906,NA,FALSE,FALSE,FALSE,"NULL"
"5016","Estes Institute of Cosmetology Arts and Science",36.3297,-119.2895,NA,FALSE,FALSE,FALSE,"NULL"
"5017","Baldwin Park Adult & Community Education",34.0967,-117.9595,NA,FALSE,FALSE,FALSE,"NULL"
"5018","Ventura Adult and Continuing Education",34.2565,-119.2192,NA,FALSE,FALSE,FALSE,"NULL"
"5019","Marinello Schools of Beauty-Sacramento",38.6671,-121.3362,NA,FALSE,FALSE,FALSE,"NULL"
"5109","Central California School",35.2637,-120.6448,NA,FALSE,FALSE,FALSE,"NULL"
"5124","University of Phoenix-Sacramento Valley Campus",38.6206,-121.5228,NA,FALSE,FALSE,FALSE,"NULL"
"5155","Colleen O'Haras Beauty Academy",33.748,-117.8682,NA,FALSE,FALSE,FALSE,"NULL"
"5175","San Joaquin Valley College-Fresno Aviation",36.7755,-119.7268,NA,FALSE,FALSE,FALSE,"NULL"
"5176","Champion Institute of Cosmetology",33.8134,-116.5468,NA,FALSE,FALSE,FALSE,"NULL"
"5177","Pacific College",33.6813,-117.8732,NA,FALSE,FALSE,FALSE,"NULL"
"5178","American College of Healthcare",33.9005,-117.4938,NA,FALSE,FALSE,FALSE,"NULL"
"5184","Le Cordon Bleu College of Culinary Arts-Pasadena",34.1458,-118.1395,NA,FALSE,FALSE,FALSE,"NULL"
"5203","John Wesley International Barber and Beauty College",33.7758,-118.193,NA,FALSE,FALSE,FALSE,"NULL"
"5232","CET-Sacramento",38.5251,-121.3966,NA,FALSE,FALSE,FALSE,"NULL"
"5242","American College of Traditional Chinese Medicine",37.7605,-122.3982,NA,FALSE,FALSE,FALSE,"NULL"
"5253","Everest College-Torrance",33.8357,-118.3153,NA,FALSE,FALSE,FALSE,"NULL"
"5261","Institute of Technology Inc",36.8368,-119.7232,NA,FALSE,FALSE,FALSE,"NULL"
"5281","Virginia Sewing Machines and School Center",34.0326,-118.266,NA,FALSE,FALSE,FALSE,"NULL"
"5290","Kaplan College-Riverside",33.9769,-117.3698,NA,FALSE,FALSE,FALSE,"NULL"
"5293","Platt College-Ontario",34.0686,-117.5717,NA,FALSE,FALSE,FALSE,"NULL"
"5295","The Art Institute of California-Argosy University Los Angeles",34.0186,-118.4513,NA,FALSE,FALSE,FALSE,"NULL"
"5296","American University of Health Sciences",33.7971,-118.1714,50,FALSE,FALSE,FALSE,"NULL"
"5297","Career Networks Institute",33.6939,-117.885,NA,FALSE,FALSE,FALSE,"NULL"
"5305","Santa Barbara Business College-Ventura",34.2579,-119.2264,NA,FALSE,FALSE,FALSE,"NULL"
"5316","Pima Medical Institute-Chula Vista",32.6191,-117.093,NA,FALSE,FALSE,FALSE,"NULL"
"5321","Charter College-Canyon Country",34.4083,-118.462,NA,FALSE,FALSE,FALSE,"NULL"
"5367","Los Angeles Film School",34.0982,-118.3283,NA,FALSE,FALSE,FALSE,"NULL"
"5368","Argosy University-Orange County",33.7791,-117.8975,NA,FALSE,FALSE,FALSE,"NULL"
"5387","ITT Technical Institute-Lathrop",37.8094,-121.2944,97.3,FALSE,FALSE,FALSE,"NULL"
"5395","The English Center",37.7944,-122.2754,NA,FALSE,FALSE,FALSE,"NULL"
"5396","ICDC College",34.0971,-118.3078,NA,FALSE,FALSE,FALSE,"NULL"
"5399","Professional Golfers Career College",33.529,-117.1637,NA,FALSE,FALSE,FALSE,"NULL"
"5402","Westwood College-Anaheim",33.8095,-117.8782,NA,FALSE,FALSE,FALSE,"NULL"
"5404","InterCoast Colleges-Burbank",34.1808,-118.3092,NA,FALSE,FALSE,FALSE,"NULL"
"5405","Carrington College California-San Jose",37.2356,-121.7762,100,FALSE,FALSE,FALSE,"NULL"
"5410","Carrington College California-Pleasant Hill",37.9626,-122.0722,100,FALSE,FALSE,FALSE,"NULL"
"5418","Universal Technical Institute of California Inc",34.0828,-117.5764,NA,FALSE,FALSE,FALSE,"NULL"
"5445","CBD College",34.0687,-118.3449,NA,FALSE,FALSE,FALSE,"NULL"
"5463","King's University",34.2009,-118.4548,85.87,FALSE,FALSE,FALSE,"42"
"5466","My Le's Beauty College",38.5186,-121.4413,NA,FALSE,FALSE,FALSE,"NULL"
"5471","Bryan College-Gold River",38.6236,-121.2628,NA,FALSE,FALSE,FALSE,"NULL"
"5474","PCI College",33.8748,-118.1002,NA,FALSE,FALSE,FALSE,"NULL"
"5476","American Career College at St Francis",33.9319,-118.2012,NA,FALSE,FALSE,FALSE,"NULL"
"5483","Keck Graduate Institute",34.0933,-117.7235,NA,FALSE,FALSE,FALSE,"NULL"
"5496","Everest College-Ontario Metro",34.0405,-117.5768,NA,FALSE,FALSE,FALSE,"NULL"
"5508","Westwood College-Inland Empire",34.088,-117.6519,NA,FALSE,FALSE,FALSE,"NULL"
"5518","Miami Ad School-San Francisco",37.7967,-122.4021,NA,FALSE,FALSE,FALSE,"NULL"
"5531","American Career College-Anaheim",33.8499,-117.9756,NA,FALSE,FALSE,FALSE,"NULL"
"5537","San Diego State University-Imperial Valley Campus",32.6724,-115.4927,60.7,FALSE,FALSE,FALSE,"NULL"
"5541","West Coast Ultrasound Institute",34.0632,-118.3762,NA,FALSE,FALSE,FALSE,"NULL"
"5542","Design's School of Cosmetology",35.6398,-120.6915,NA,FALSE,FALSE,FALSE,"NULL"
"5543","Paul Mitchell the School-Santa Barbara",34.4184,-119.6954,NA,FALSE,FALSE,FALSE,"NULL"
"5585","California State University-Channel Islands",34.1629,-119.0436,64.43,FALSE,TRUE,FALSE,"NULL"
"5588","The Art Institute of California-Argosy University Orange County",33.697,-117.9163,NA,FALSE,FALSE,FALSE,"NULL"
"5600","David's Academy of Beauty",34.0918,-118.0436,NA,FALSE,FALSE,FALSE,"NULL"
"5604","Paul Mitchell the School-Costa Mesa",33.6923,-117.925,NA,FALSE,FALSE,FALSE,"NULL"
"5614","San Joaquin Valley College-Ontario",34.1117,-117.5724,NA,FALSE,FALSE,FALSE,"NULL"
"5624","Milan Institute-Palm Desert",33.7161,-116.2342,NA,FALSE,FALSE,FALSE,"NULL"
"5635","InterCoast Colleges-Riverside",33.9936,-117.3448,NA,FALSE,FALSE,FALSE,"NULL"
"5637","University of Antelope Valley",34.6832,-118.1343,NA,FALSE,FALSE,FALSE,"NULL"
"5642","California Healing Arts College",34.04,-118.4648,NA,FALSE,FALSE,FALSE,"NULL"
"5652","NTMA Training Centers of Southern California",34.0422,-117.6285,NA,FALSE,FALSE,FALSE,"NULL"
"5662","West Coast University-Los Angeles",34.0793,-118.2925,54.44,FALSE,FALSE,FALSE,"NULL"
"5667","California College of Vocational Careers",35.3854,-119.0231,NA,FALSE,FALSE,FALSE,"NULL"
"5676","InterCoast Colleges-West Covina",34.0688,-117.9387,NA,FALSE,FALSE,FALSE,"NULL"
"5713","Folsom Lake College",38.6626,-121.1267,NA,FALSE,FALSE,FALSE,"NULL"
"5722","ATI College-Norwalk",33.9049,-118.0684,NA,FALSE,FALSE,FALSE,"NULL"
"5724","Advanced College",33.9154,-118.1579,NA,FALSE,FALSE,FALSE,"NULL"
"5726","Advanced Training Associates",32.8195,-116.9814,NA,FALSE,FALSE,FALSE,"NULL"
"5736","CES College",34.1808,-118.303,NA,FALSE,FALSE,FALSE,"NULL"
"5737","Computer Tutor Business and Technical Institute",37.7022,-121.0715,NA,FALSE,FALSE,FALSE,"NULL"
"5780","University of California-Merced",37.3662,-120.4249,75.51,FALSE,FALSE,FALSE,"NULL"
"5794","North-West College-Riverside",33.9083,-117.4507,100,FALSE,FALSE,FALSE,"NULL"
"5816","University of Phoenix-Central Valley Campus",36.8587,-119.7899,NA,FALSE,FALSE,FALSE,"NULL"
"5843","Cambridge Junior College-Yuba City",39.1399,-121.6522,89.06,FALSE,FALSE,FALSE,"NULL"
"5845","Career Care Institute",34.6782,-118.1564,NA,FALSE,FALSE,FALSE,"NULL"
"5849","Community Christian College",34.0545,-117.2005,NA,FALSE,FALSE,FALSE,"NULL"
"5861","Los Angeles Music Academy",34.1393,-118.1501,NA,FALSE,FALSE,FALSE,"NULL"
"5864","Pacific Coast Trade School",34.1831,-119.1618,NA,FALSE,FALSE,FALSE,"NULL"
"5874","Stanbridge College",33.6789,-117.8576,78.71,FALSE,FALSE,FALSE,"NULL"
"5903","United States University",32.6149,-117.092,NA,FALSE,FALSE,FALSE,"NULL"
"5905","Kaplan College-Bakersfield",35.3373,-119.0379,NA,FALSE,FALSE,FALSE,"NULL"
"5906","Kaplan College-Fresno",36.8072,-119.7083,NA,FALSE,FALSE,FALSE,"NULL"
"5918","Argosy University-Los Angeles",33.9279,-118.373,NA,FALSE,FALSE,FALSE,"NULL"
"5924","San Joaquin Valley College-Modesto",37.717,-121.0918,NA,FALSE,FALSE,FALSE,"NULL"
"5932","Expression College for Digital Arts",37.8476,-122.2954,NA,FALSE,FALSE,FALSE,"NULL"
"5941","Kaplan College-Palm Springs",33.8219,-116.5192,NA,FALSE,FALSE,FALSE,"NULL"
"5948","California Career College",34.1976,-118.6018,NA,FALSE,FALSE,FALSE,"NULL"
"5949","Palladium Technical Academy",34.0768,-118.0444,NA,FALSE,FALSE,FALSE,"NULL"
"5950","Palace Beauty College",34.0447,-118.3095,NA,FALSE,FALSE,FALSE,"NULL"
"5951","National Polytechnic College",33.9898,-118.1389,NA,FALSE,FALSE,FALSE,"NULL"
"5952","American Career College-Ontario",34.0682,-117.5838,NA,FALSE,FALSE,FALSE,"NULL"
"5953","Asher College",38.5878,-121.4158,NA,FALSE,FALSE,FALSE,"NULL"
"5954","American Institute of Massage Therapy",33.7159,-117.8503,NA,FALSE,FALSE,FALSE,"NULL"
"5955","University of East-West Medicine",37.3863,-121.996,NA,FALSE,FALSE,FALSE,"NULL"
"5956","Blake Austin College",38.3785,-121.9456,NA,FALSE,FALSE,FALSE,"NULL"
"5966","SUM Bible College and Theological Seminary",37.7341,-122.1778,NA,FALSE,FALSE,FALSE,"27"
"5995","San Joaquin Valley College-Rancho Cordova",38.5967,-121.2803,NA,FALSE,FALSE,FALSE,"NULL"
"5999","Universal Technical Institute of Northern California Inc",38.6458,-121.5295,NA,FALSE,FALSE,FALSE,"NULL"
"6001","ITT Technical Institute-Clovis",36.8366,-119.7013,92.9,FALSE,FALSE,FALSE,"NULL"
"6011","The Art Institute of California-Argosy University Inland Empire",34.0714,-117.27,NA,FALSE,FALSE,FALSE,"NULL"
"6013","West Hills College-Lemoore",36.2924,-119.8239,NA,FALSE,FALSE,FALSE,"NULL"
"6033","Milan Institute-Clovis",36.8085,-119.7249,NA,FALSE,FALSE,FALSE,"NULL"
"6062","Beaumont Adult School",33.9514,-116.9647,NA,FALSE,FALSE,FALSE,"NULL"
"6063","Make-up Designory",34.1802,-118.3083,NA,FALSE,FALSE,FALSE,"NULL"
"6064","Video Symphony EnterTraining Inc",34.1839,-118.3115,NA,FALSE,FALSE,FALSE,"NULL"
"6065","Gnomon School of Visual Effects",34.0901,-118.3291,83.33,FALSE,FALSE,FALSE,"NULL"
"6066","Coachella Valley Beauty College",33.7074,-116.2778,NA,FALSE,FALSE,FALSE,"NULL"
"6067","Career College of California",33.748,-117.8662,NA,FALSE,FALSE,FALSE,"NULL"
"6068","Valley College of Medical Careers",34.222,-118.6054,NA,FALSE,FALSE,FALSE,"NULL"
"6097","University of the West",34.046,-118.083,NA,FALSE,FALSE,FALSE,"NULL"
"6103","Paul Mitchell the School-San Diego",32.719,-117.1608,NA,FALSE,FALSE,FALSE,"NULL"
"6105","Paul Mitchell the School-Sherman Oaks",34.1539,-118.4665,NA,FALSE,FALSE,FALSE,"NULL"
"6114","The Art Institute of California-Argosy University Sacramento",38.6221,-121.5191,NA,FALSE,FALSE,FALSE,"NULL"
"6137","International Academy of Design and Technology-Sacramento",38.6554,-121.5208,NA,FALSE,FALSE,FALSE,"NULL"
"6143","Argosy University-Inland Empire",34.066,-117.5788,NA,FALSE,FALSE,FALSE,"NULL"
"6145","Argosy University-San Diego",32.7755,-117.158,NA,FALSE,FALSE,FALSE,"NULL"
"6155","InterCoast Colleges-Carson",33.8332,-118.2591,NA,FALSE,FALSE,FALSE,"NULL"
"6157","Carrington College California-Stockton",37.999,-121.3232,100,FALSE,FALSE,FALSE,"NULL"
"6158","Carrington College California-Citrus Heights",38.68,-121.2942,100,FALSE,FALSE,FALSE,"NULL"
"6177","InfoTech Career College",33.8808,-118.1417,NA,FALSE,FALSE,FALSE,"NULL"
"6178","Trident University International",33.8052,-118.0348,NA,FALSE,FALSE,FALSE,"NULL"
"6179","Coastline Beauty College",33.7154,-117.9402,NA,FALSE,FALSE,FALSE,"NULL"
"6180","Career College Consultants",34.1376,-118.2149,NA,FALSE,FALSE,FALSE,"NULL"
"6181","San Diego College",32.9106,-117.1206,NA,FALSE,FALSE,FALSE,"NULL"
"6245","The Art Institute of California-Argosy University-Silicon Valley",37.3732,-121.9994,NA,FALSE,FALSE,FALSE,"NULL"
"6262","Le Cordon Bleu College of Culinary Arts-Sacramento",38.6554,-121.5212,NA,FALSE,FALSE,FALSE,"NULL"
"6313","Milan Institute of Cosmetology-Fairfield",38.2484,-122.0455,NA,FALSE,FALSE,FALSE,"NULL"
"6315","Milan Institute of Cosmetology-Visalia",36.3019,-119.3099,NA,FALSE,FALSE,FALSE,"NULL"
"6322","Taft University System",33.697,-117.9145,NA,FALSE,FALSE,FALSE,"NULL"
"6323","Mayfield College",33.7826,-116.4642,NA,FALSE,FALSE,FALSE,"NULL"
"6324","International Polytechnic Institute",32.6908,-115.4927,NA,FALSE,FALSE,FALSE,"NULL"
"6325","Academy of Esthetics and Cosmetology",34.2849,-118.444,NA,FALSE,FALSE,FALSE,"NULL"
"6326","BioHealth College",37.3875,-121.9302,NA,FALSE,FALSE,FALSE,"NULL"
"6327","International Professional School of Bodywork",32.8213,-117.1341,NA,FALSE,FALSE,FALSE,"NULL"
"6328","Borner's Barber College",33.9504,-118.3087,NA,FALSE,FALSE,FALSE,"NULL"
"6329","Paul Mitchell the School-Pasadena",34.0946,-118.1233,NA,FALSE,FALSE,FALSE,"NULL"
"6330","San Francisco Institute of Esthetics and Cosmetology",37.777,-122.4071,NA,FALSE,FALSE,FALSE,"NULL"
"6331","Laurus College",35.2682,-120.6695,NA,FALSE,FALSE,FALSE,"NULL"
"6332","Healing Hands School of Holistic Health",33.1296,-117.0866,NA,FALSE,FALSE,FALSE,"NULL"
"6333","Career Development Institute",34.0457,-118.3861,NA,FALSE,FALSE,FALSE,"NULL"
"6387","The Chicago School of Professional Psychology at Irvine",33.6505,-117.8384,NA,FALSE,FALSE,FALSE,"NULL"
"6392","Woodland Community College",38.6606,-121.7342,NA,FALSE,FALSE,FALSE,"NULL"
"6402","The Chicago School of Professional Psychology at Los Angeles",34.048,-118.2572,NA,FALSE,FALSE,FALSE,"NULL"
"6404","The Chicago School of Professional Psychology at Westwood",34.0593,-118.4461,NA,FALSE,FALSE,FALSE,"NULL"
"6408","California Nurses Educational Institute",33.816,-116.4912,NA,FALSE,FALSE,FALSE,"NULL"
"6409","Central Nursing College",34.0612,-118.3025,79.41,FALSE,FALSE,FALSE,"NULL"
"6410","RWM Fiber Optics",33.8813,-118.2655,NA,FALSE,FALSE,FALSE,"NULL"
"6411","Paul Mitchell the School-Sacramento",38.5949,-121.4173,NA,FALSE,FALSE,FALSE,"NULL"
"6412","Providence Christian College",34.1718,-118.1187,53.28,FALSE,FALSE,FALSE,"88"
"6419","National Career College",34.1954,-118.4487,NA,FALSE,FALSE,FALSE,"NULL"
"6464","ITT Technical Institute-Concord",37.9757,-122.0544,89.26,FALSE,FALSE,FALSE,"NULL"
"6475","Salon Success Academy-Fontana",34.099,-117.4376,NA,FALSE,FALSE,FALSE,"NULL"
"6476","Salon Success Academy-Redlands",34.0623,-117.2189,NA,FALSE,FALSE,FALSE,"NULL"
"6494","San Joaquin Valley College-Hesperia",34.4208,-117.3832,NA,FALSE,FALSE,FALSE,"NULL"
"6505","Milan Institute-Bakersfield",35.3855,-119.0231,NA,FALSE,FALSE,FALSE,"NULL"
"6506","Homestead Schools",33.8086,-118.3502,NA,FALSE,FALSE,FALSE,"NULL"
"6513","InterCoast Colleges-Elk Grove",38.5072,-121.4558,NA,FALSE,FALSE,FALSE,"NULL"
"6514","Horizon University",32.8167,-117.1822,NA,FALSE,FALSE,FALSE,"99"
"6515","San Diego Culinary Institute",32.7643,-117.0238,100,FALSE,FALSE,FALSE,"NULL"
"6516","Beyond 21st Century Beauty Academy",33.9169,-118.0408,NA,FALSE,FALSE,FALSE,"NULL"
"6517","Academy for Jewish Religion-California",34.0704,-118.4386,NA,FALSE,FALSE,FALSE,"80"
"6518","Hollywood Beauty College",38.0012,-121.2939,NA,FALSE,FALSE,FALSE,"NULL"
"6519","Angeles College",34.0617,-118.2991,NA,FALSE,FALSE,FALSE,"NULL"
"6520","Angeles Institute",33.8584,-118.0849,NA,FALSE,FALSE,FALSE,"NULL"
"6521","Paul Mitchell the School-Temecula",33.5063,-117.15,NA,FALSE,FALSE,FALSE,"NULL"
"6598","Kaplan College-Chula Vista",32.6291,-117.0887,NA,FALSE,FALSE,FALSE,"NULL"
"6599","InterCoast Colleges-Roseville",38.7238,-121.2923,NA,FALSE,FALSE,FALSE,"NULL"
"6600","West Coast University-Orange County",33.8111,-117.9115,52.63,FALSE,FALSE,FALSE,"NULL"
"6601","West Coast University-Ontario",34.0657,-117.5908,49.02,FALSE,FALSE,FALSE,"NULL"
"6674","Northern California Institute of Cosmetology Inc",37.7307,-122.1604,NA,FALSE,FALSE,FALSE,"NULL"
"6675","Golden State College of Court Reporting",37.7009,-121.9326,NA,FALSE,FALSE,FALSE,"NULL"
"6676","Preferred College of Nursing-Los Angeles",34.0617,-118.2984,NA,FALSE,FALSE,FALSE,"NULL"
"6677","Trinity Vocational Center",33.8583,-118.2965,NA,FALSE,FALSE,FALSE,"NULL"
"6678","SICE Paul Mitchell Partner School",37.683,-120.9942,NA,FALSE,FALSE,FALSE,"NULL"
"6679","Cosmo Beauty Academy",38.5893,-121.5246,NA,FALSE,FALSE,FALSE,"NULL"
"6680","Paul Mitchell the School-Fresno",36.8095,-119.7814,NA,FALSE,FALSE,FALSE,"NULL"
"6681","Unitek College",37.5095,-121.962,NA,FALSE,FALSE,FALSE,"NULL"
"6682","Gurnick Academy of Medical Arts",37.5472,-122.3085,NA,FALSE,FALSE,FALSE,"NULL"
"6683","Southern California University SOMA",34.0552,-118.2696,NA,FALSE,FALSE,FALSE,"NULL"
"6684","Paul Mitchell the School-East Bay",37.9452,-122.0617,NA,FALSE,FALSE,FALSE,"NULL"
"6721","ITT Technical Institute-Corona",33.819,-117.5085,98.14,FALSE,FALSE,FALSE,"NULL"
"6726","ITT Technical Institute-West Covina",34.0686,-117.9422,100,FALSE,FALSE,FALSE,"NULL"
"6727","ITT Technical Institute-Culver City",33.9817,-118.3959,90.58,FALSE,FALSE,FALSE,"NULL"
"6730","Touro University Worldwide",34.0946,-118.366,88.14,FALSE,FALSE,FALSE,"NULL"
"6731","Touro University California",38.0885,-122.2659,NA,FALSE,FALSE,FALSE,"80"
"6738","Heald College-Modesto",37.7156,-121.0912,NA,FALSE,FALSE,FALSE,"NULL"
"6750","California University of Management and Sciences",33.842,-117.9416,NA,FALSE,FALSE,FALSE,"NULL"
"6763","Everest College-Santa Ana",33.7484,-117.8732,NA,FALSE,FALSE,FALSE,"NULL"
"6764","Moreno Valley College",33.8871,-117.2051,NA,FALSE,FALSE,FALSE,"NULL"
"6767","Norco College",33.9154,-117.568,NA,FALSE,TRUE,FALSE,"NULL"
"6770","Milan Institute of Cosmetology-La Quinta",33.706,-116.2769,NA,FALSE,FALSE,FALSE,"NULL"
"6782","Cambridge Junior College-Woodland",38.6775,-121.7744,86.67,FALSE,FALSE,FALSE,"NULL"
"6788","Allied American University",33.6234,-117.7292,NA,FALSE,FALSE,FALSE,"NULL"
"6822","New York Film Academy",34.136,-118.354,NA,FALSE,FALSE,FALSE,"NULL"
"6824","International College of Cosmetology",37.7751,-122.2207,NA,FALSE,FALSE,FALSE,"NULL"
"6827","Toni & Guy Hairdressing Academy-Modesto",37.6902,-121.061,NA,FALSE,FALSE,FALSE,"NULL"
"6830","Galaxy Medical College",34.1869,-118.3965,NA,FALSE,FALSE,FALSE,"NULL"
"6831","American Medical Sciences Center",34.1465,-118.2566,NA,FALSE,FALSE,FALSE,"NULL"
"6844","Tramy Beauty School",32.7508,-117.0695,NA,FALSE,FALSE,FALSE,"NULL"
"6854","Santa Ana Beauty Academy",33.7667,-117.8357,NA,FALSE,FALSE,FALSE,"NULL"
"6863","Elite Cosmetology School",34.1207,-116.4365,NA,FALSE,FALSE,FALSE,"NULL"
"6866","Twin Rivers Adult School",38.6516,-121.3892,NA,FALSE,FALSE,FALSE,"NULL"
"6867","Bergin University of Canine Studies",38.4287,-122.7336,NA,FALSE,FALSE,FALSE,"NULL"
"6872","Real Barbers College",33.8339,-117.9207,NA,FALSE,FALSE,FALSE,"NULL"
"6880","Ashdown College of Health Sciences",34.0593,-117.2232,NA,FALSE,FALSE,FALSE,"NULL"
"6885","Cinta Aveda Institute",37.7909,-122.4041,NA,FALSE,FALSE,FALSE,"NULL"
"6888","Southern California Health Institute",34.1655,-118.375,NA,FALSE,FALSE,FALSE,"NULL"
"6900","Salinas Beauty College Inc",36.6637,-121.6574,NA,FALSE,FALSE,FALSE,"NULL"
"6901","Academy for Salon Professionals",37.3523,-121.9634,NA,FALSE,FALSE,FALSE,"NULL"
"6909","Academy for Salon Professionals",34.2222,-118.606,NA,FALSE,FALSE,FALSE,"NULL"
"6916","International College of Beauty Arts & Sciences",34.1472,-118.2726,NA,FALSE,FALSE,FALSE,"NULL"
"6918","John Paul the Great Catholic University",32.8996,-117.1077,88.15,FALSE,FALSE,FALSE,"30"
"6931","ITT Technical Institute-Oakland",37.7428,-122.199,90.2,FALSE,FALSE,FALSE,"NULL"
"6935","Carrington College California-Pomona",34.0628,-117.803,100,FALSE,FALSE,FALSE,"NULL"
"6970","CET-Soledad",36.415,-121.3178,NA,FALSE,FALSE,FALSE,"NULL"
"6994","Aveda Institute-Los Angeles",34.0626,-118.4466,NA,FALSE,FALSE,FALSE,"NULL"
"7002","Coast Career Institute",34.0545,-117.3075,NA,FALSE,FALSE,FALSE,"NULL"
"7011","Azusa Pacific Online University",34.1189,-117.8712,NA,FALSE,FALSE,FALSE,"88"
"7033","San Joaquin Valley College-Temecula",33.5256,-117.1669,NA,FALSE,FALSE,FALSE,"NULL"
"7038","Marian Health Careers Center-Van Nuys Campus",34.1777,-118.4661,NA,FALSE,FALSE,FALSE,"NULL"
